  <preface>
    <title>Introduction</title>
    <para>
      This is &book_description; for Phorum version 5.2.x and up.
      It is not intended for use with older versions of Phorum, although
      a lot of information will apply.
    </para>
    <para>
      Please keep in mind that this manual is neither complete, nor final.
      If you have any remarks about it, please let us know in the
      development forum on our website. With your contribution, we hope to
      make this manual a useful tool for Phorum users in understanding and
      working with our software.
    </para>
    <para>
      <emphasis>The Phorum development team</emphasis><sbr/>
      &phorum.org;
    </para>
  </preface>
