<?xml version="1.0" encoding="iso-8859-1"?>
<mosinstall type="module" version="4.5.2">
	<name>Archived Content</name>
	<author>Mambo Project</author>
	<creationDate>July 2004</creationDate>
	<copyright>copyright (C) 2005 - 2006 Mambo Foundation Inc.</copyright>
	<license>http://www.gnu.org/copyleft/gpl.html GNU/GPL</license>
	<authorEmail>core@mambo-foundation.org</authorEmail>
	<authorUrl>www.mambo-foundation.org</authorUrl>
	<version>4.5.2</version>
	<description>This module shows a list of the calendar months, which contain Archived items. After you have changed the status of a Content Item to 'Archived' this list will be automatically generated.</description>
	<files>
		<filename module="mod_archive">mod_archive.php</filename>
	</files>
	<params>
		<param name="count" type="text" default="10" label="Count" description="The number of items to display (default is 10)" />
		<param name="cache" type="radio" default="0" label="Enable Cache" description="Select whether to cache the content of this module">
			<option value="0">No</option>
			<option value="1">Yes</option>
		</param>
		<param name="moduleclass_sfx" type="text" default="" label="Module Class Suffix" description="A suffix to be applied to the css class of the module (table.moduletable), this allows individual module styling" />
	</params>
</mosinstall>
