<?xml version="1.0" encoding="iso-8859-1"?>
<mosinstall version="4.5.2" type="mambot" group="search">
	<name>contacts searchbot</name>
	<author>Mambo Project</author>
	<creationDate>August 2004</creationDate>
	<copyright>copyright (C) 2005 - 2006 Mambo Foundation Inc.</copyright>
	<license>http://www.gnu.org/copyleft/gpl.html GNU/GPL</license>
	<authorEmail>core@mambo-foundation.org</authorEmail>
	<authorUrl>www.mambo-foundation.org</authorUrl>
	<version>4.5.2</version>
	<description>Allows Searching of Contacts Component</description>
	<files>
		<filename mambot="contacts.searchbot">contacts.searchbot.php</filename>
	</files>
	<params/>
</mosinstall>
