<?xml version="1.0" encoding="iso-8859-1"?>
<mosinstall version="4.6" type="mambot" group="search">
	<name>Search Newsfeeds</name>
	<author>Mambo Foundation</author>
	<creationDate>August 2006</creationDate>
	<copyright>copyright (C) 2005 - 2006 Mambo Foundation Inc.</copyright>
	<license>http://www.gnu.org/copyleft/gpl.html GNU/GPL</license>
	<authorEmail>core@mambo-foundation.org</authorEmail>
	<authorUrl>mambo-foundation.org</authorUrl>
	<version>1.0</version>
	<description>Allows Searching of Newsfeeds</description>
	<files>
		<filename mambot="newsfeeds.searchbot">newsfeeds.searchbot.xml</filename>
		<filename mambot="newsfeeds.searchbot">newsfeeds.searchbot.php</filename>
	</files>
	<params/>
</mosinstall>
