<?xml version="1.0" encoding="iso-8859-1"?>
<mosinstall version="4.5.2" type="mambot" group="editors-xtd">
	<name>mosimage.btn</name>
	<author>Mambo Project</author>
	<creationDate>August 2004</creationDate>
	<copyright>copyright (C) 2005 - 2006 Mambo Foundation Inc.</copyright>
	<license>http://www.gnu.org/copyleft/gpl.html GNU/GPL</license>
	<authorEmail>core@mambo-foundation.org</authorEmail>
	<authorUrl>www.mambo-foundation.org</authorUrl>
	<version>4.5.2</version>
	<description>Provides button to insert {mosimage} into content edit box</description>
	<files>
		<filename mambot="mosimage.btn">mosimage.btn.php</filename>
	</files>
</mosinstall>
